Symbol,Company_Name,Sector,Data_Exising,History_Existing
A,Agilent Technologies Inc. Common Stock,Industrials,True,6225.0
AA,Alcoa Corporation Common Stock ,Industrials,True,6225.0
AAME,Atlantic American Corporation Common Stock,Finance,True,6225.0
AAON,AAON Inc. Common Stock,Industrials,True,6225.0
AAPL,Apple Inc. Common Stock,Technology,True,6225.0
AB,AllianceBernstein Holding L.P.  Units,Finance,True,6225.0
ABCB,Ameris Bancorp Common Stock,Finance,True,6225.0
ABEO,Abeona Therapeutics Inc. Common Stock,Health Care,True,6225.0
ABEV,Ambev S.A. American Depositary Shares (Each representing 1 Common Share),Consumer Staples,True,6225.0
ABM,ABM Industries Incorporated Common Stock,Finance,True,6225.0
ABT,Abbott Laboratories Common Stock,Health Care,True,6225.0
ACGL,Arch Capital Group Ltd. Common Stock,Finance,True,6225.0
ACHC,Acadia Healthcare Company Inc. Common Stock,Health Care,True,6225.0
ACHV,Achieve Life Sciences Inc. Common Shares,Health Care,True,6225.0
ACIW,ACI Worldwide Inc. Common Stock,Technology,True,6225.0
ACNB,ACNB Corporation Common Stock,Finance,True,6225.0
ACNT,Ascent Industries Co. Common Stock,Industrials,True,6225.0
ACU,Acme United Corporation. Common Stock,Consumer Discretionary,True,6225.0
ADBE,Adobe Inc. Common Stock,Technology,True,6225.0
ADC,Agree Realty Corporation Common Stock,Real Estate,True,6225.0
ADI,Analog Devices Inc. Common Stock,Technology,True,6225.0
ADM,Archer-Daniels-Midland Company Common Stock,Consumer Staples,True,6225.0
ADP,Automatic Data Processing Inc. Common Stock,Technology,True,6225.0
ADSK,Autodesk Inc. Common Stock,Technology,True,6225.0
ADTN,ADTRAN Holdings Inc. Common Stock,Utilities,True,6225.0
ADX,Adams Diversified Equity Fund Inc.,Finance,True,6225.0
AE,Adams Resources & Energy Inc. Common Stock,Energy,True,6225.0
AEE,Ameren Corporation Common Stock,Utilities,True,6225.0
AEF,abrdn Emerging Markets Equity Income Fund Inc. Common Stock,Finance,True,6225.0
AEG,Aegon Ltd. New York Registry Shares,Finance,True,6225.0
AEHR,Aehr Test Systems Common Stock,Industrials,True,6225.0
AEIS,Advanced Energy Industries Inc. Common Stock,Technology,True,6225.0
AEM,Agnico Eagle Mines Limited Common Stock,Basic Materials,True,6225.0
AEMD,Aethlon Medical Inc. Common Stock,Health Care,True,6225.0
AEO,American Eagle Outfitters Inc. Common Stock,Consumer Discretionary,True,6225.0
AEP,American Electric Power Company Inc. Common Stock,Utilities,True,6225.0
AES,The AES Corporation Common Stock,Utilities,True,6225.0
AFG,American Financial Group Inc. Common Stock,Finance,True,6225.0
AFL,AFLAC Incorporated Common Stock,Finance,True,6225.0
AGCO,AGCO Corporation Common Stock,Industrials,True,6225.0
AGM,Federal Agricultural Mortgage Corporation Common Stock,Finance,True,6225.0
AGX,Argan Inc. Common Stock,Consumer Discretionary,True,6225.0
AGYS,Agilysys Inc. Common Stock (DE),Technology,True,6225.0
AIFF,Firefly Neuroscience Inc. Common Stock,Technology,True,6225.0
AIG,American International Group Inc. New Common Stock,Finance,True,6225.0
AIM,AIM ImmunoTech Inc. Common Stock,Health Care,True,6225.0
AIN,Albany International Corporation Common Stock,Consumer Discretionary,True,6225.0
AIOT,PowerFleet Inc. Common Stock,Telecommunications,True,6225.0
AIR,AAR Corp. Common Stock,Industrials,True,6225.0
AIRT,Air T Inc. Common Stock,Consumer Discretionary,True,6225.0
AIT,Applied Industrial Technologies Inc. Common Stock,Consumer Discretionary,True,6225.0
AIV,Apartment Investment and Management Company Common Stock,Real Estate,True,6225.0
AJG,Arthur J. Gallagher & Co. Common Stock,Finance,True,6225.0
AKAM,Akamai Technologies Inc. Common Stock,Consumer Discretionary,True,6225.0
AKR,Acadia Realty Trust Common Stock,Real Estate,True,6225.0
ALB,Albemarle Corporation Common Stock,Industrials,True,6225.0
ALE,Allete Inc.,Utilities,True,6225.0
ALG,Alamo Group Inc. Common Stock,Industrials,True,6225.0
ALK,Alaska Air Group Inc. Common Stock,Consumer Discretionary,True,6225.0
ALKS,Alkermes plc Ordinary Shares,Health Care,True,6225.0
ALL,Allstate Corporation (The) Common Stock,Finance,True,6225.0
ALNT,Allient Inc. Common Stock,Industrials,True,6225.0
ALOT,AstroNova Inc. Common Stock,Technology,True,6225.0
ALTS,ALT5 Sigma Corporation Common Stock,Consumer Discretionary,True,6225.0
ALV,Autoliv Inc. Common Stock,Consumer Discretionary,True,6225.0
ALX,Alexander's Inc. Common Stock,Real Estate,True,6225.0
AMAT,Applied Materials Inc. Common Stock,Technology,True,6225.0
AMD,Advanced Micro Devices Inc. Common Stock,Technology,True,6225.0
AME,AMETEK Inc.,Industrials,True,6225.0
AMED,Amedisys Inc Common Stock,Health Care,True,6225.0
AMG,Affiliated Managers Group Inc. Common Stock,Finance,True,6225.0
AMGN,Amgen Inc. Common Stock,Health Care,True,6225.0
AMKR,Amkor Technology Inc. Common Stock,Technology,True,6225.0
AMRN,Amarin Corporation plc,Health Care,True,6225.0
AMS,American Shared Hospital Services Common Stock,Health Care,True,6225.0
AMSC,American Superconductor Corporation Common Stock,Consumer Discretionary,True,6225.0
AMT,American Tower Corporation (REIT) Common Stock,Real Estate,True,6225.0
AMWD,American Woodmark Corporation Common Stock,Basic Materials,True,6225.0
AMZN,Amazon.com Inc. Common Stock,Consumer Discretionary,True,6225.0
AN,AutoNation Inc. Common Stock,Consumer Discretionary,True,6225.0
ANDE,Andersons Inc. (The) Common Stock,Industrials,True,6225.0
ANF,Abercrombie & Fitch Company Common Stock,Consumer Discretionary,True,6225.0
ANIK,Anika Therapeutics Inc. Common Stock,Health Care,True,6225.0
ANIX,Anixa Biosciences Inc. Common Stock,Health Care,True,6225.0
ANSS,ANSYS Inc. Common Stock,Technology,True,6225.0
AON,Aon plc Class A Ordinary Shares (Ireland),Finance,True,6225.0
AORT,Artivion Inc. Common Stock,Health Care,True,6225.0
AOS,A.O. Smith Corporation Common Stock,Consumer Discretionary,True,6225.0
AP,Ampco-Pittsburgh Corporation Common Stock,Industrials,True,6225.0
APA,APA Corporation Common Stock,Energy,True,6225.0
APD,Air Products and Chemicals Inc. Common Stock,Industrials,True,6225.0
APH,Amphenol Corporation Common Stock,Technology,True,6225.0
APOG,Apogee Enterprises Inc. Common Stock,Consumer Discretionary,True,6225.0
APT,Alpha Pro Tech Ltd. Common Stock,Health Care,True,6225.0
APTO,Aptose Biosciences Inc. Common Shares,Health Care,True,6225.0
ARCB,ArcBest Corporation Common Stock,Industrials,True,6225.0
ARE,Alexandria Real Estate Equities Inc. Common Stock,Real Estate,True,6225.0
ARKR,Ark Restaurants Corp. Common Stock,Consumer Discretionary,True,6225.0
ARL,American Realty Investors Inc. Common Stock,Real Estate,True,6225.0
ARLP,Alliance Resource Partners L.P. Common Units representing Limited Partners Interests,Energy,True,6225.0
ARMP,Armata Pharmaceuticals Inc. Common Stock,Health Care,True,6225.0
AROW,Arrow Financial Corporation Common Stock,Finance,True,6225.0
ARTNA,Artesian Resources Corporation Class A Common Stock,Utilities,True,6225.0
ARTW,Art's-Way Manufacturing Co. Inc. Common Stock,Industrials,True,6225.0
ARW,Arrow Electronics Inc. Common Stock,Technology,True,6225.0
ARWR,Arrowhead Pharmaceuticals Inc. Common Stock,Health Care,True,6225.0
ASA,ASA  Gold and Precious Metals Limited,Industrials,True,6225.0
ASB,Associated Banc-Corp Common Stock,Finance,True,6225.0
ASG,Liberty All-Star Growth Fund Inc.,Finance,True,6225.0
ASGN,ASGN Incorporated Common Stock,Consumer Discretionary,True,6225.0
ASH,Ashland Inc. Common Stock,Consumer Discretionary,True,6225.0
ASML,ASML Holding N.V. New York Registry Shares,Technology,True,6225.0
ASRT,Assertio Holdings Inc. Common Stock,Health Care,True,6225.0
ASRV,AmeriServ Financial Inc. Common Stock,Finance,True,6225.0
ASTC,Astrotech Corporation (DE) Common Stock,Industrials,True,6225.0
ASTE,Astec Industries Inc. Common Stock,Industrials,True,6225.0
ASUR,Asure Software Inc Common Stock,Technology,True,6225.0
ASYS,Amtech Systems Inc. Common Stock,Technology,True,6225.0
ATGE,Adtalem Global Education Inc. Common Stock,Real Estate,True,6225.0
ATI,ATI Inc. Common Stock,Industrials,True,6225.0
ATLC,Atlanticus Holdings Corporation Common Stock,Finance,True,6225.0
ATNI,ATN International Inc. Common Stock,Telecommunications,True,6225.0
ATO,Atmos Energy Corporation Common Stock,Utilities,True,6225.0
ATR,AptarGroup Inc. Common Stock,Industrials,True,6225.0
ATRO,Astronics Corporation Common Stock,Industrials,True,6225.0
AU,AngloGold Ashanti PLC Ordinary Shares,Basic Materials,True,6225.0
AUB,Atlantic Union Bankshares Corporation Common Stock,Finance,True,6225.0
AUBN,Auburn National Bancorporation Inc. Common Stock,Finance,True,6225.0
AUDC,AudioCodes Ltd. Common Stock,Utilities,True,6225.0
AVA,Avista Corporation Common Stock,Utilities,True,6225.0
AVB,AvalonBay Communities Inc. Common Stock,Real Estate,True,6225.0
AVD,American Vanguard Corporation Common Stock ($0.10 Par Value),Industrials,True,6225.0
AVDL,Avadel Pharmaceuticals plc Ordinary Share,Health Care,True,6225.0
AVNT,Avient Corporation Common Stock,Industrials,True,6225.0
AVNW,Aviat Networks Inc. Common Stock,Technology,True,6225.0
AVT,Avnet Inc. Common Stock,Technology,True,6225.0
AVY,Avery Dennison Corporation Common Stock,Consumer Discretionary,True,6225.0
AWF,Alliancebernstein Global High Income Fund,Finance,True,6225.0
AWR,American States Water Company Common Stock,Utilities,True,6225.0
AWRE,Aware Inc. Common Stock,Technology,True,6225.0
AWX,Avalon Holdings Corporation Common Stock,Utilities,True,6225.0
AXDX,Accelerate Diagnostics Inc. Common Stock,Industrials,True,6225.0
AXGN,Axogen Inc. Common Stock,Health Care,True,6225.0
AXL,American Axle & Manufacturing Holdings Inc. Common Stock,Consumer Discretionary,True,6225.0
AXP,American Express Company Common Stock,Finance,True,6225.0
AXR,AMREP Corporation Common Stock,Real Estate,True,6225.0
AXTI,AXT Inc Common Stock,Technology,True,6225.0
AZN,AstraZeneca PLC American Depositary Shares,Health Care,True,6225.0
AZO,AutoZone Inc. Common Stock,Consumer Discretionary,True,6225.0
AZPN,Aspen Technology Inc. Common Stock,Technology,True,6225.0
AZTA,Azenta Inc.,Technology,True,6225.0
AZZ,AZZ Inc.,Industrials,True,6225.0
B,Barnes Group Inc. Common Stock,Industrials,True,6225.0
BA,Boeing Company (The) Common Stock,Industrials,True,6225.0
BAC,Bank of America Corporation Common Stock,Finance,True,6225.0
BAK,Braskem SA ADR,Industrials,True,6225.0
BALL,Ball Corporation Common Stock,Industrials,True,6225.0
BANF,BancFirst Corporation Common Stock,Finance,True,6225.0
BANR,Banner Corporation Common Stock,Finance,True,6225.0
BAP,Credicorp Ltd. Common Stock,Finance,True,6225.0
BAX,Baxter International Inc. Common Stock,Health Care,True,6225.0
BB,BlackBerry Limited Common Stock,Technology,True,6225.0
BBAR,Banco BBVA Argentina S.A. ADS,Finance,True,6225.0
BBSI,Barrett Business Services Inc. Common Stock,Consumer Discretionary,True,6225.0
BBVA,Banco Bilbao Vizcaya Argentaria S.A. Common Stock,Finance,True,6225.0
BBWI,Bath & Body Works Inc.,Consumer Discretionary,True,6225.0
BBY,Best Buy Co. Inc. Common Stock,Consumer Discretionary,True,6225.0
BC,Brunswick Corporation Common Stock,Industrials,True,6225.0
BCDA,BioCardia Inc. Common Stock,Health Care,True,6225.0
BCE,BCE Inc. Common Stock,Telecommunications,True,6225.0
BCO,Brinks Company (The) Common Stock,Consumer Discretionary,True,6225.0
BCPC,Balchem Corporation Common Stock,Industrials,True,6225.0
BCRX,BioCryst Pharmaceuticals Inc. Common Stock,Health Care,True,6225.0
BCS,Barclays PLC Common Stock,Finance,True,6225.0
BCV,Bancroft Fund Ltd.,Finance,True,6225.0
BDC,Belden Inc Common Stock,Industrials,True,6225.0
BDL,Flanigan's Enterprises Inc. Common Stock,Consumer Discretionary,True,6225.0
BDN,Brandywine Realty Trust Common Stock,Real Estate,True,6225.0
BDX,Becton Dickinson and Company Common Stock,Health Care,True,6225.0
BEN,Franklin Resources Inc. Common Stock,Finance,True,6225.0
BFS,Saul Centers Inc. Common Stock,Real Estate,True,6225.0
BGC,BGC Group Inc. Class A Common Stock,Finance,True,6225.0
BH,Biglari Holdings Inc. Class B Common Stock,Consumer Discretionary,True,6225.0
BHB,Bar Harbor Bankshares Inc. Common Stock,Finance,True,6225.0
BHC,Bausch Health Companies Inc. Common Stock,Health Care,True,6225.0
BHE,Benchmark Electronics Inc. Common Stock,Technology,True,6225.0
BHP,BHP Group Limited American Depositary Shares (Each representing two Ordinary Shares),Energy,True,6225.0
BIIB,Biogen Inc. Common Stock,Health Care,True,6225.0
BIO,Bio-Rad Laboratories Inc. Class A Common Stock,Industrials,True,6225.0
BJRI,BJ's Restaurants Inc. Common Stock,Consumer Discretionary,True,6225.0
BK,The Bank of New York Mellon Corporation Common Stock,Finance,True,6225.0
BKE,Buckle Inc. (The) Common Stock,Consumer Discretionary,True,6225.0
BKH,Black Hills Corporation Common Stock,Utilities,True,6225.0
BKN,BlackRock Investment Quality Municipal Trust Inc. (The),Finance,True,6225.0
BKNG,Booking Holdings Inc. Common Stock,Consumer Discretionary,True,6225.0
BKR,Baker Hughes Company Class A Common Stock,Industrials,True,6225.0
BKT,BlackRock Income Trust Inc. (The),Finance,True,6225.0
BKTI,BK Technologies Corporation Common Stock,Technology,True,6225.0
BKYI,BIO-key International Inc. Common Stock,Technology,True,6225.0
BLDP,Ballard Power Systems Inc. Common Shares,Energy,True,6225.0
BLFS,BioLife Solutions Inc. Common Stock,Health Care,True,6225.0
BLK,BlackRock Inc. Common Stock,Finance,True,6225.0
BLX,Banco Latinoamericano de Comercio Exterior S.A.,Finance,True,6225.0
BMI,Badger Meter Inc. Common Stock,Industrials,True,6225.0
BMO,Bank Of Montreal Common Stock,Finance,True,6225.0
BMRA,Biomerica Inc. Common Stock,Health Care,True,6225.0
BMRC,Bank of Marin Bancorp Common Stock,Finance,True,6225.0
BMRN,BioMarin Pharmaceutical Inc. Common Stock,Health Care,True,6225.0
BMY,Bristol-Myers Squibb Company Common Stock,Health Care,True,6225.0
BN,Brookfield Corporation Class A Limited Voting Shares,Real Estate,True,6225.0
BOH,Bank of Hawaii Corporation Common Stock,Finance,True,6225.0
BOKF,BOK Financial Corporation Common Stock,Finance,True,6225.0
BOOM,DMC Global Inc. Common Stock,Industrials,True,6225.0
BOSC,B.O.S. Better Online Solutions Common Stock,Telecommunications,True,6225.0
BP,BP p.l.c. Common Stock,Energy,True,6225.0
BPOP,Popular Inc. Common Stock,Finance,True,6225.0
BPT,BP Prudhoe Bay Royalty Trust Common Stock,Energy,True,6225.0
BRC,Brady Corporation Common Stock,Consumer Discretionary,True,6225.0
BRID,Bridgford Foods Corporation Common Stock,Consumer Staples,True,6225.0
BRKL,Brookline Bancorp Inc. Common Stock,Finance,True,6225.0
BRN,Barnwell Industries Inc. Common Stock,Energy,True,6225.0
BRO,Brown & Brown Inc. Common Stock,Finance,True,6225.0
BRT,BRT Apartments Corp. (MD) Common Stock,Real Estate,True,6225.0
BRW,Saba Capital Income & Opportunities Fund SBI,Finance,True,6225.0
BSAC,Banco Santander - Chile ADS,Finance,True,6225.0
BSET,Bassett Furniture Industries Incorporated Common Stock,Consumer Discretionary,True,6225.0
BSRR,Sierra Bancorp Common Stock,Finance,True,6225.0
BSX,Boston Scientific Corporation Common Stock,Health Care,True,6225.0
BTI,British American Tobacco  Industries p.l.c. Common Stock ADR,Health Care,True,6225.0
BTO,John Hancock Financial Opportunities Fund Common Stock,Finance,True,6225.0
BUSE,First Busey Corporation Class A Common Stock,Finance,True,6225.0
BVN,Buenaventura Mining Company Inc.,Basic Materials,True,6225.0
BWA,BorgWarner Inc. Common Stock,Consumer Discretionary,True,6225.0
BXMT,Blackstone Mortgage Trust Inc. Common Stock,Real Estate,True,6225.0
BXP,BXP Inc. Common Stock,Real Estate,True,6225.0
BYD,Boyd Gaming Corporation Common Stock,Consumer Discretionary,True,6225.0
BYFC,Broadway Financial Corporation Class A Common Stock,Finance,True,6225.0
BZH,Beazer Homes USA Inc. Common Stock,Consumer Discretionary,True,6225.0
C,Citigroup Inc. Common Stock,Finance,True,6225.0
CAC,Camden National Corporation Common Stock,Finance,True,6225.0
CACC,Credit Acceptance Corporation Common Stock,Finance,True,6225.0
CACI,CACI International Inc. Class A Common Stock,Technology,True,6225.0
CADE,Cadence Bank Common Stock,Finance,True,6225.0
CAG,ConAgra Brands Inc. Common Stock,Consumer Staples,True,6225.0
CAH,Cardinal Health Inc. Common Stock,Health Care,True,6225.0
CAKE,Cheesecake Factory Incorporated (The) Common Stock,Consumer Discretionary,True,6225.0
CAL,Caleres Inc. Common Stock,Consumer Discretionary,True,6225.0
CALM,Cal-Maine Foods Inc. Common Stock,Consumer Staples,True,6225.0
CAR,Avis Budget Group Inc. Common Stock,Consumer Discretionary,True,6225.0
CARV,Carver Bancorp Inc. Common Stock,Finance,True,6225.0
CASH,Pathward Financial Inc. Common Stock,Finance,True,6225.0
CASI,CASI Pharmaceuticals Inc. Ordinary Shares,Health Care,True,6225.0
CASS,Cass Information Systems Inc Common Stock,Consumer Discretionary,True,6225.0
CASY,Casey's General Stores Inc. Common Stock,Consumer Discretionary,True,6225.0
CAT,Caterpillar Inc. Common Stock,Industrials,True,6225.0
CATO,Cato Corporation (The) Class A Common Stock,Consumer Discretionary,True,6225.0
CATY,Cathay General Bancorp Common Stock,Finance,True,6225.0
CB,Chubb Limited  Common Stock,Finance,True,6225.0
CBAN,Colony Bankcorp Inc. Common Stock,Finance,True,6225.0
CBRL,Cracker Barrel Old Country Store Inc Common Stock,Consumer Discretionary,True,6225.0
CBSH,Commerce Bancshares Inc. Common Stock,Finance,True,6225.0
CBT,Cabot Corporation Common Stock,Industrials,True,6225.0
CBU,Community Financial System Inc. Common Stock,Finance,True,6225.0
CBZ,CBIZ Inc. Common Stock,Consumer Discretionary,True,6225.0
CCBG,Capital City Bank Group Common Stock,Finance,True,6225.0
CCEL,Cryo-Cell International Inc. Common Stock,Health Care,True,6225.0
CCEP,Coca-Cola Europacific Partners plc Ordinary Shares,Consumer Staples,True,6225.0
CCI,Crown Castle Inc. Common Stock,Real Estate,True,6225.0
CCJ,Cameco Corporation Common Stock,Basic Materials,True,6225.0
CCK,Crown Holdings Inc.,Industrials,True,6225.0
CCL,Carnival Corporation Common Stock,Consumer Discretionary,True,6225.0
CCNE,CNB Financial Corporation Common Stock,Finance,True,6225.0
CCRD,CoreCard Corporation Common Stock,Technology,True,6225.0
CCU,Compania Cervecerias Unidas S.A. Common Stock,Consumer Staples,True,6225.0
CDE,Coeur Mining Inc. Common Stock,Basic Materials,True,6225.0
CDMO,Avid Bioservices Inc. Common Stock,Health Care,True,6225.0
CDNS,Cadence Design Systems Inc. Common Stock,Technology,True,6225.0
CDP,COPT Defense Properties Common Shares of Beneficial Interest,Real Estate,True,6225.0
CDZI,CADIZ Inc. Common Stock,Utilities,True,6225.0
CECO,CECO Environmental Corp. Common Stock,Industrials,True,6225.0
CEE,The Central and Eastern Europe Fund Inc. (The) Common Stock,Finance,True,6225.0
CENT,Central Garden & Pet Company Common Stock,Consumer Discretionary,True,6225.0
CENX,Century Aluminum Company Common Stock,Industrials,True,6225.0
CERS,Cerus Corporation Common Stock,Technology,True,6225.0
CET,Central Securities Corporation Common Stock,Finance,True,6225.0
CETX,Cemtrex Inc. Common Stock,Technology,True,6225.0
CEV,Eaton Vance California Municipal Income Trust Shares of Beneficial Interest,Finance,True,6225.0
CFBK,CF Bankshares Inc. Common Stock,Finance,True,6225.0
CFFI,C&F Financial Corporation Common Stock,Finance,True,6225.0
CFFN,Capitol Federal Financial Inc. Common Stock,Finance,True,6225.0
CFR,Cullen/Frost Bankers Inc. Common Stock,Finance,True,6225.0
CGNX,Cognex Corporation Common Stock,Industrials,True,6225.0
CHCO,City Holding Company Common Stock,Finance,True,6225.0
CHD,Church & Dwight Company Inc. Common Stock,Consumer Discretionary,True,6225.0
CHDN,Churchill Downs Incorporated Common Stock,Consumer Discretionary,True,6225.0
CHE,Chemed Corp,Health Care,True,6225.0
CHH,Choice Hotels International Inc. Common Stock,Consumer Discretionary,True,6225.0
CHKP,Check Point Software Technologies Ltd. Ordinary Shares,Technology,True,6225.0
CHMG,Chemung Financial Corp Common Stock,Finance,True,6225.0
CHN,China Fund Inc. (The) Common Stock,Finance,True,6225.0
CHNR,China Natural Resources Inc. Common Stock,Basic Materials,True,6225.0
CHRW,C.H. Robinson Worldwide Inc. Common Stock,Consumer Discretionary,True,6225.0
CI,The Cigna Group Common Stock,Health Care,True,6225.0
CIA,Citizens Inc. Class A Common Stock ($1.00 Par),Finance,True,6225.0
CIB,BanColombia S.A. Common Stock,Finance,True,6225.0
CIEN,Ciena Corporation Common Stock,Utilities,True,6225.0
CIF,MFS Intermediate High Income Fund Common Stock,Finance,True,6225.0
CIG,Comp En De Mn Cemig ADS American Depositary Shares,Utilities,True,6225.0
CIGI,Colliers International Group Inc. Subordinate Voting Shares,Finance,True,6225.0
CIK,Credit Suisse Asset Management Income Fund Inc. Common Stock,Finance,True,6225.0
CINF,Cincinnati Financial Corporation Common Stock,Finance,True,6225.0
CIVB,Civista Bancshares Inc. Common Stock,Finance,True,6225.0
CIX,CompX International Inc. Common Stock,Consumer Discretionary,True,6225.0
CKX,CKX Lands Inc. Common Stock,Energy,True,6225.0
CL,Colgate-Palmolive Company Common Stock,Consumer Discretionary,True,6225.0
CLAR,Clarus Corporation Common Stock,Consumer Discretionary,True,6225.0
CLB,Core Laboratories Inc. Common Stock,Energy,True,6225.0
CLDX,Celldex Therapeutics Inc.,Health Care,True,6225.0
CLF,Cleveland-Cliffs Inc. Common Stock,Basic Materials,True,6225.0
CLFD,Clearfield Inc. Common Stock,Utilities,True,6225.0
CLH,Clean Harbors Inc. Common Stock,Industrials,True,6225.0
CLMB,Climb Global Solutions Inc. Common Stock,Technology,True,6225.0
CLRO,ClearOne Inc. (DE) Common Stock,Utilities,True,6225.0
CLS,Celestica Inc. Common Stock,Technology,True,6225.0
CLWT,Euro Tech Holdings Company Limited Common Stock,Consumer Discretionary,True,6225.0
CLX,Clorox Company (The) Common Stock,Consumer Discretionary,True,6225.0
CM,Canadian Imperial Bank of Commerce Common Stock,Finance,True,6225.0
CMA,Comerica Incorporated Common Stock,Finance,True,6225.0
CMC,Commercial Metals Company Common Stock,Industrials,True,6225.0
CMCL,Caledonia Mining Corporation Plc Common Shares,Basic Materials,True,6225.0
CMCO,Columbus McKinnon Corporation Common Stock,Industrials,True,6225.0
CMCSA,Comcast Corporation Class A Common Stock,Telecommunications,True,6225.0
CMCT,Creative Media & Community Trust Corporation Common stock,Real Estate,True,6225.0
CMI,Cummins Inc. Common Stock,Industrials,True,6225.0
CMS,CMS Energy Corporation Common Stock,Utilities,True,6225.0
CMT,Core Molding Technologies Inc Common Stock,Industrials,True,6225.0
CMTL,Comtech Telecommunications Corp. Common Stock,Technology,True,6225.0
CMU,MFS Municipal Income Trust Common Stock,Finance,True,6225.0
CNA,CNA Financial Corporation Common Stock,Finance,True,6225.0
CNI,Canadian National Railway Company Common Stock,Industrials,True,6225.0
CNMD,CONMED Corporation Common Stock,Health Care,True,6225.0
CNOB,ConnectOne Bancorp Inc. Common Stock,Finance,True,6225.0
CNP,CenterPoint Energy Inc (Holding Co) Common Stock,Utilities,True,6225.0
CNTY,Century Casinos Inc. Common Stock,Consumer Discretionary,True,6225.0
CNX,CNX Resources Corporation Common Stock,Energy,True,6225.0
CNXN,PC Connection Inc. Common Stock,Consumer Discretionary,True,6225.0
COF,Capital One Financial Corporation Common Stock,Finance,True,6225.0
COHR,Coherent Corp. Common Stock,Technology,True,6225.0
COHU,Cohu Inc. Common Stock,Industrials,True,6225.0
COKE,Coca-Cola Consolidated Inc. Common Stock,Consumer Staples,True,6225.0
COLB,Columbia Banking System Inc. Common Stock,Finance,True,6225.0
COLM,Columbia Sportswear Company Common Stock,Consumer Discretionary,True,6225.0
COO,The Cooper Companies Inc. Common Stock,Health Care,True,6225.0
COP,ConocoPhillips Common Stock,Energy,True,6225.0
COR,Cencora Inc. Common Stock,Health Care,True,6225.0
COST,Costco Wholesale Corporation Common Stock,Consumer Discretionary,True,6225.0
CP,Canadian Pacific Kansas City Limited Common Shares,Industrials,True,6225.0
CPB,Campbell Soup Company Common Stock,Consumer Staples,True,6225.0
CPF,Central Pacific Financial Corp New,Finance,True,6225.0
CPK,Chesapeake Utilities Corporation Common Stock,Utilities,True,6225.0
CPRT,Copart Inc. (DE) Common Stock,Consumer Discretionary,True,6225.0
CPSH,CPS Technologies Corp. Common Stock,Consumer Discretionary,True,6225.0
CPSS,Consumer Portfolio Services Inc. Common Stock,Finance,True,6225.0
CPT,Camden Property Trust Common Stock,Real Estate,True,6225.0
CRAI,CRA International Inc. Common Stock,Consumer Discretionary,True,6225.0
CRESY,Cresud S.A.C.I.F. y A. American Depositary Shares,Finance,True,6225.0
CRF,Cornerstone Total Return Fund Inc. (The) Common Stock,Finance,True,6225.0
CRH,CRH PLC Ordinary Shares,Industrials,True,6225.0
CRK,Comstock Resources Inc. Common Stock,Energy,True,6225.0
CRMT,America's Car-Mart Inc Common Stock,Consumer Discretionary,True,6225.0
CRS,Carpenter Technology Corporation Common Stock,Industrials,True,6225.0
CRT,Cross Timbers Royalty Trust Common Stock,Energy,True,6225.0
CRUS,Cirrus Logic Inc. Common Stock,Technology,True,6225.0
CRVL,CorVel Corp. Common Stock,Finance,True,6225.0
CSCO,Cisco Systems Inc. Common Stock (DE),Telecommunications,True,6225.0
CSGP,CoStar Group Inc. Common Stock,Consumer Discretionary,True,6225.0
CSGS,CSG Systems International Inc. Common Stock,Technology,True,6225.0
CSL,Carlisle Companies Incorporated Common Stock,Industrials,True,6225.0
CSPI,CSP Inc. Common Stock,Technology,True,6225.0
CSR,D/B/A Centerspace Common Stock,Real Estate,True,6225.0
CSV,Carriage Services Inc. Common Stock,Consumer Discretionary,True,6225.0
CSWC,Capital Southwest Corporation Common Stock,Consumer Discretionary,True,6225.0
CSX,CSX Corporation Common Stock,Industrials,True,6225.0
CTAS,Cintas Corporation Common Stock,Consumer Discretionary,True,6225.0
CTBI,Community Trust Bancorp Inc. Common Stock,Finance,True,6225.0
CTHR,Charles & Colvard Ltd Common Stock,Consumer Discretionary,True,6225.0
CTO,CTO Realty Growth Inc. Common Stock,Real Estate,True,6225.0
CTRA,Coterra Energy Inc. Common Stock,Energy,True,6225.0
CTS,CTS Corporation Common Stock,Technology,True,6225.0
CTSH,Cognizant Technology Solutions Corporation Class A Common Stock,Technology,True,6225.0
CUBA,Herzfeld Caribbean Basin Fund Inc. (The) Common Stock,Finance,True,6225.0
CULP,Culp Inc. Common Stock,Consumer Discretionary,True,6225.0
CUZ,Cousins Properties Incorporated Common Stock,Real Estate,True,6225.0
CVBF,CVB Financial Corporation Common Stock,Finance,True,6225.0
CVLG,Covenant Logistics Group Inc. Class A Common Stock,Industrials,True,6225.0
CVM,Cel-Sci Corporation Common Stock,Health Care,True,6225.0
CVR,Chicago Rivet & Machine Co. Common Stock,Industrials,True,6225.0
CVS,CVS Health Corporation Common Stock,Consumer Staples,True,6225.0
CVU,CPI Aerostructures Inc. Common Stock,Industrials,True,6225.0
CVV,CVD Equipment Corporation Common Stock,Technology,True,6225.0
CVX,Chevron Corporation Common Stock,Energy,True,6225.0
CW,Curtiss-Wright Corporation Common Stock,Technology,True,6225.0
CWBC,Community West Bancshares Common Stock,Finance,True,6225.0
CWCO,Consolidated Water Co. Ltd. Ordinary Shares,Utilities,True,6225.0
CWST,Casella Waste Systems Inc. Class A Common Stock,Utilities,True,6225.0
CWT,California Water Service Group Common Stock,Utilities,True,6225.0
CX,Cemex S.A.B. de C.V. Sponsored ADR,Industrials,True,6225.0
CXE,MFS High Income Municipal Trust Common Stock,Finance,True,6225.0
CXH,MFS Investment Grade Municipal Trust Common Stock,Finance,True,6225.0
CXT,Crane NXT Co. Common Stock,Industrials,True,6225.0
CXW,CoreCivic Inc. Common Stock,Real Estate,True,6225.0
CYD,China Yuchai International Limited Common Stock,Industrials,True,6225.0
CZFS,Citizens Financial Services Inc. Common Stock,Finance,True,6225.0
CZNC,Citizens & Northern Corp Common Stock,Finance,True,6225.0
D,Dominion Energy Inc. Common Stock,Utilities,True,6225.0
DAIO,Data I/O Corporation Common Stock,Industrials,True,6225.0
DAKT,Daktronics Inc. Common Stock,Consumer Discretionary,True,6225.0
DAR,Darling Ingredients Inc. Common Stock,Consumer Staples,True,6225.0
DB,Deutsche Bank AG Common Stock,Finance,True,6225.0
DCI,Donaldson Company Inc. Common Stock,Industrials,True,6225.0
DCO,Ducommun Incorporated Common Stock,Industrials,True,6225.0
DCOM,Dime Community Bancshares Inc. Common Stock,Finance,True,6225.0
DD,DuPont de Nemours Inc. Common Stock,Industrials,True,6225.0
DDD,3D Systems Corporation Common Stock,Technology,True,6225.0
DDS,Dillard's Inc. Common Stock,Consumer Discretionary,True,6225.0
DDT,Dillard's Capital Trust I,Consumer Discretionary,True,6225.0
DE,Deere & Company Common Stock,Industrials,True,6225.0
DECK,Deckers Outdoor Corporation Common Stock,Consumer Discretionary,True,6225.0
DENN,Denny's Corporation Common Stock,Consumer Discretionary,True,6225.0
DEO,Diageo plc Common Stock,Consumer Staples,True,6225.0
DGICB,Donegal Group Inc. Class B Common Stock,Finance,True,6225.0
DGII,Digi International Inc. Common Stock,Telecommunications,True,6225.0
DGX,Quest Diagnostics Incorporated Common Stock,Health Care,True,6225.0
DHF,BNY Mellon High Yield Strategies Fund Common Stock,Finance,True,6225.0
DHI,D.R. Horton Inc. Common Stock,Consumer Discretionary,True,6225.0
DHIL,Diamond Hill Investment Group Inc. Class A Common Stock,Finance,True,6225.0
DHR,Danaher Corporation Common Stock,Industrials,True,6225.0
DHY,Credit Suisse High Yield Bond Fund Common Stock,Finance,True,6225.0
DIN,Dine Brands Global Inc. Common Stock,Consumer Discretionary,True,6225.0
DINO,HF Sinclair Corporation Common Stock,Energy,True,6225.0
DIOD,Diodes Incorporated Common Stock,Technology,True,6225.0
DIS,Walt Disney Company (The) Common Stock,Consumer Discretionary,True,6225.0
DIT,AMCON Distributing Company Common Stock,Consumer Discretionary,True,6225.0
DJCO,Daily Journal Corp. (S.C.) Common Stock,Consumer Discretionary,True,6225.0
DLHC,DLH Holdings Corp.,Consumer Discretionary,True,6225.0
DLTR,Dollar Tree Inc. Common Stock,Consumer Discretionary,True,6225.0
DLX,Deluxe Corporation Common Stock,Consumer Discretionary,True,6225.0
DMF,BNY Mellon Municipal Income Inc. Common Stock,Finance,True,6225.0
DMRC,Digimarc Corporation Common Stock,Technology,True,6225.0
DNP,DNP Select Income Fund Inc. Common Stock,Finance,True,6225.0
DOC,Healthpeak Properties Inc. Common Stock,Real Estate,True,6225.0
DOMH,Dominari Holdings Inc. Common Stock,Health Care,True,6225.0
DORM,Dorman Products Inc. Common Stock,Consumer Discretionary,True,6225.0
DOV,Dover Corporation Common Stock,Industrials,True,6225.0
DOX,Amdocs Limited Ordinary Shares,Technology,True,6225.0
DRD,DRDGOLD Limited American Depositary Shares,Basic Materials,True,6225.0
DRI,Darden Restaurants Inc. Common Stock,Consumer Discretionary,True,6225.0
DRS,Leonardo DRS Inc. Common Stock,Industrials,True,6225.0
DSGR,Distribution Solutions Group Inc. Common Stock,Consumer Discretionary,True,6225.0
DSGX,Descartes Systems Group Inc. (The) Common Stock,Technology,True,6225.0
DSM,BNY Mellon Strategic Municipal Bond Fund Inc. Common Stock,Finance,True,6225.0
DSS,DSS Inc. Common Stock,Consumer Discretionary,True,6225.0
DSU,Blackrock Debt Strategies Fund Inc. Common Stock,Finance,True,6225.0
DSWL,Deswell Industries Inc. Common Shares,Industrials,True,6225.0
DTE,DTE Energy Company Common Stock,Utilities,True,6225.0
DTF,DTF Tax-Free Income 2028 Term Fund Inc. Common Stock,Finance,True,6225.0
DUK,Duke Energy Corporation (Holding Company) Common Stock,Utilities,True,6225.0
DVA,DaVita Inc. Common Stock,Health Care,True,6225.0
DVN,Devon Energy Corporation Common Stock,Energy,True,6225.0
DWSN,Dawson Geophysical Company Common Stock,Energy,True,6225.0
DX,Dynex Capital Inc. Common Stock,Real Estate,True,6225.0
DXC,DXC Technology Company Common Stock ,Technology,True,6225.0
DXLG,Destination XL Group Inc. Common Stock,Consumer Discretionary,True,6225.0
DXPE,DXP Enterprises Inc. Common Stock,Industrials,True,6225.0
DXR,Daxor Corporation Common Stock,Health Care,True,6225.0
DXYN,Dixie Group Inc. (The) Common Stock,Consumer Discretionary,True,6225.0
DY,Dycom Industries Inc. Common Stock,Industrials,True,6225.0
E,ENI S.p.A. Common Stock,Energy,True,6225.0
EA,Electronic Arts Inc. Common Stock,Technology,True,6225.0
EAT,Brinker International Inc. Common Stock,Consumer Discretionary,True,6225.0
EBAY,eBay Inc. Common Stock,Consumer Discretionary,True,6225.0
EBF,Ennis Inc. Common Stock,Consumer Discretionary,True,6225.0
ECF,Ellsworth Growth and Income Fund Ltd.,Finance,True,6225.0
ECL,Ecolab Inc. Common Stock,Consumer Discretionary,True,6225.0
ECPG,Encore Capital Group Inc Common Stock,Finance,True,6225.0
ED,Consolidated Edison Inc. Common Stock,Utilities,True,6225.0
EDAP,EDAP TMS S.A. American Depositary Shares,Health Care,True,6225.0
EDUC,Educational Development Corporation Common Stock,Consumer Discretionary,True,6225.0
EEA,The European Equity Fund Inc. Common Stock,Finance,True,6225.0
EEFT,Euronet Worldwide Inc. Common Stock,Finance,True,6225.0
EFOI,Energy Focus Inc. Common Stock,Consumer Discretionary,True,6225.0
EFX,Equifax Inc. Common Stock,Finance,True,6225.0
EG,Everest Group Ltd. Common Stock,Finance,True,6225.0
EGAN,eGain Corporation Common Stock,Technology,True,6225.0
EGBN,Eagle Bancorp Inc. Common Stock,Finance,True,6225.0
EGHT,8x8 Inc Common Stock,Technology,True,6225.0
EGP,EastGroup Properties Inc. Common Stock,Real Estate,True,6225.0
EGY,VAALCO Energy Inc.  Common Stock,Energy,True,6225.0
EHC,Encompass Health Corporation Common Stock,Health Care,True,6225.0
EIX,Edison International Common Stock,Utilities,True,6225.0
EL,Estee Lauder Companies Inc. (The) Common Stock,Consumer Discretionary,True,6225.0
ELA,Envela Corporation Common Stock,Consumer Discretionary,True,6225.0
ELLO,Ellomay Capital Ltd Ordinary Shares (Israel),Utilities,True,6225.0
ELME,Elme Communities Common Stock,Real Estate,True,6225.0
ELP,Companhia Paranaense de Energia (COPEL) American Depositary Shares (each representing one Unit consisting one Common Share and four non-voting Class B Preferred Shares),Utilities,True,6225.0
ELS,Equity Lifestyle Properties Inc. Common Stock,Real Estate,True,6225.0
ELSE,Electro-Sensors Inc. Common Stock,Industrials,True,6225.0
ELTK,Eltek Ltd. Ordinary Shares,Technology,True,6225.0
EME,EMCOR Group Inc. Common Stock,Industrials,True,6225.0
EMF,Templeton Emerging Markets Fund Common Stock,Finance,True,6225.0
EMKR,EMCORE Corporation Common Stock,Technology,True,6225.0
EML,Eastern Company (The) Common Stock,Consumer Discretionary,True,6225.0
EMN,Eastman Chemical Company Common Stock,Industrials,True,6225.0
EMR,Emerson Electric Company Common Stock,Technology,True,6225.0
ENB,Enbridge Inc Common Stock,Energy,True,6225.0
ENG,ENGlobal Corporation Common Stock,Consumer Discretionary,True,6225.0
ENSV,Enservco Corporation Common Stock,Energy,True,6225.0
ENZ,Enzo Biochem Inc. Common Stock ($0.01 Par Value),Health Care,True,6225.0
EOG,EOG Resources Inc. Common Stock,Energy,True,6225.0
EP,Empire Petroleum Corporation Common Stock,Energy,True,6225.0
EPD,Enterprise Products Partners L.P. Common Stock,Utilities,True,6225.0
EPM,Evolution Petroleum Corporation Inc. Common Stock,Energy,True,6225.0
EPR,EPR Properties Common Stock,Real Estate,True,6225.0
EQC,Equity Commonwealth Common Shares of Beneficial Interest,Real Estate,True,6225.0
EQR,Equity Residential Common Shares of Beneficial Interest,Real Estate,True,6225.0
EQS,Equus Total Return Inc. Common Stock,Finance,True,6225.0
EQT,EQT Corporation Common Stock,Energy,True,6225.0
ERIC,Ericsson American Depositary Shares,Technology,True,6225.0
ERIE,Erie Indemnity Company Class A Common Stock,Finance,True,6225.0
ERNA,Eterna Therapeutics Inc. Common Stock,Health Care,True,6225.0
ES,Eversource Energy (D/B/A) Common Stock,Utilities,True,6225.0
ESCA,Escalade Incorporated Common Stock,Consumer Discretionary,True,6225.0
ESE,ESCO Technologies Inc. Common Stock,Telecommunications,True,6225.0
ESGR,Enstar Group Limited Ordinary Shares,Finance,True,6225.0
ESLT,Elbit Systems Ltd. Ordinary Shares,Industrials,True,6225.0
ESP,Espey Mfg. & Electronics Corp. Common Stock,Technology,True,6225.0
ESS,Essex Property Trust Inc. Common Stock,Real Estate,True,6225.0
ETD,Ethan Allen Interiors Inc. Common Stock,Consumer Discretionary,True,6225.0
ETN,Eaton Corporation PLC Ordinary Shares,Technology,True,6225.0
ETR,Entergy Corporation Common Stock,Utilities,True,6225.0
EVF,Eaton Vance Senior Income Trust Common Stock,Finance,True,6225.0
EVI,EVI Industries Inc.  Common Stock,Consumer Discretionary,True,6225.0
EVN,Eaton Vance Municipal Income Trust Common Stock,Finance,True,6225.0
EVRG,Evergy Inc. Common Stock,Utilities,True,6225.0
EWBC,East West Bancorp Inc. Common Stock,Finance,True,6225.0
EXC,Exelon Corporation Common Stock,Utilities,True,6225.0
EXP,Eagle Materials Inc Common Stock,Industrials,True,6225.0
EXPD,Expeditors International of Washington Inc. Common Stock,Consumer Discretionary,True,6225.0
EXPO,Exponent Inc. Common Stock,Consumer Discretionary,True,6225.0
EXTR,Extreme Networks Inc. Common Stock,Telecommunications,True,6225.0
EZPW,EZCORP Inc. Class A Non Voting Common Stock,Consumer Discretionary,True,6225.0
F,Ford Motor Company Common Stock,Consumer Discretionary,True,6225.0
FARM,Farmer Brothers Company Common Stock,Consumer Staples,True,6225.0
FARO,FARO Technologies Inc. Common Stock,Industrials,True,6225.0
FAST,Fastenal Company Common Stock,Consumer Discretionary,True,6225.0
FAX,abrdn Asia-Pacific Income Fund Inc. Common Stock,Finance,True,6225.0
FBNC,First Bancorp Common Stock,Finance,True,6225.0
FBP,First BanCorp. New Common Stock,Finance,True,6225.0
FC,Franklin Covey Company Common Stock,Consumer Discretionary,True,6225.0
FCAP,First Capital Inc. Common Stock,Finance,True,6225.0
FCBC,First Community Bankshares Inc. (VA) Common Stock,Finance,True,6225.0
FCCO,First Community Corporation Common Stock,Finance,True,6225.0
FCEL,FuelCell Energy Inc. Common Stock,Energy,True,6225.0
FCF,First Commonwealth Financial Corporation Common Stock,Finance,True,6225.0
FCFS,FirstCash Holdings Inc. Common Stock,Consumer Discretionary,True,6225.0
FCN,FTI Consulting Inc. Common Stock,Consumer Discretionary,True,6225.0
FCNCA,First Citizens BancShares Inc. Class A Common Stock,Finance,True,6225.0
FCO,abrdn Global Income Fund Inc. Common Stock,Finance,True,6225.0
FCX,Freeport-McMoRan Inc. Common Stock,Basic Materials,True,6225.0
FDBC,Fidelity D & D Bancorp Inc. Common Stock,Finance,True,6225.0
FDP,Fresh Del Monte Produce Inc. Common Stock,Consumer Staples,True,6225.0
FDS,FactSet Research Systems Inc. Common Stock,Technology,True,6225.0
FDX,FedEx Corporation Common Stock,Consumer Discretionary,True,6225.0
FE,FirstEnergy Corp. Common Stock,Utilities,True,6225.0
FEIM,Frequency Electronics Inc. Common Stock,Industrials,True,6225.0
FELE,Franklin Electric Co. Inc. Common Stock,Consumer Discretionary,True,6225.0
FFBC,First Financial Bancorp. Common Stock,Finance,True,6225.0
FFIC,Flushing Financial Corporation Common Stock,Finance,True,6225.0
FFIN,First Financial Bankshares Inc. Common Stock,Finance,True,6225.0
FFIV,F5 Inc. Common Stock,Telecommunications,True,6225.0
FHI,Federated Hermes Inc. Common Stock,Finance,True,6225.0
FHN,First Horizon Corporation Common Stock,Finance,True,6225.0
FI,Fiserv Inc. Common Stock,Consumer Discretionary,True,6225.0
FICO,Fair Isaac Corproation Common Stock,Consumer Discretionary,True,6225.0
FISI,Financial Institutions Inc. Common Stock,Finance,True,6225.0
FITB,Fifth Third Bancorp Common Stock,Finance,True,6225.0
FIX,Comfort Systems USA Inc. Common Stock,Industrials,True,6225.0
FIZZ,National Beverage Corp. Common Stock,Consumer Staples,True,6225.0
FL,Foot Locker Inc.,Consumer Discretionary,True,6225.0
FLEX,Flex Ltd. Ordinary Shares,Technology,True,6225.0
FLIC,First of Long Island Corporation (The) Common Stock,Finance,True,6225.0
FLL,Full House Resorts Inc. Common Stock,Consumer Discretionary,True,6225.0
FLO,Flowers Foods Inc. Common Stock,Consumer Staples,True,6225.0
FLS,Flowserve Corporation Common Stock,Industrials,True,6225.0
FLWS,1-800-FLOWERS.COM Inc. Common Stock,Consumer Discretionary,True,6225.0
FLXS,Flexsteel Industries Inc. Common Stock,Consumer Discretionary,True,6225.0
FMBH,First Mid Bancshares Inc. Common Stock,Finance,True,6225.0
FMC,FMC Corporation Common Stock,Industrials,True,6225.0
FMNB,Farmers National Banc Corp. Common Stock,Finance,True,6225.0
FMS,Fresenius Medical Care AG American Depositary Shares (Each representing 1/2 of an Ordinary Share),Health Care,True,6225.0
FMX,Fomento Economico Mexicano S.A.B. de C.V. Common Stock,Consumer Staples,True,6225.0
FNB,F.N.B. Corporation Common Stock,Finance,True,6225.0
FNLC,First Bancorp Inc  (ME) Common Stock,Finance,True,6225.0
FNWD,Finward Bancorp Common Stock,Finance,True,6225.0
FONR,Fonar Corporation Common Stock,Health Care,True,6225.0
FORD,Forward Industries Inc. Common Stock,Industrials,True,6225.0
FORR,Forrester Research Inc. Common Stock,Consumer Discretionary,True,6225.0
FORTY,Formula Systems (1985) Ltd. American Depositary Shares,Technology,True,6225.0
FOSL,Fossil Group Inc. Common Stock,Consumer Discretionary,True,6225.0
FR,First Industrial Realty Trust Inc. Common Stock,Real Estate,True,6225.0
FRAF,Franklin Financial Services Corporation Common Stock,Finance,True,6225.0
FRD,Friedman Industries Inc. Common Stock,Industrials,True,6225.0
FRME,First Merchants Corporation Common Stock,Finance,True,6225.0
FRPH,FRP Holdings Inc. Common Stock,Finance,True,6225.0
FRT,Federal Realty Investment Trust Common Stock,Real Estate,True,6225.0
FSI,Flexible Solutions International Inc. Common Stock (CDA),Industrials,True,6225.0
FSS,Federal Signal Corporation Common Stock,Consumer Discretionary,True,6225.0
FSTR,L.B. Foster Company Common Stock,Industrials,True,6225.0
FT,Franklin Universal Trust Common Stock,Finance,True,6225.0
FTEK,Fuel Tech Inc. Common Stock,Industrials,True,6225.0
FUL,H. B. Fuller Company Common Stock,Industrials,True,6225.0
FULT,Fulton Financial Corporation Common Stock,Finance,True,6225.0
FUN,Six Flags Entertainment Corporation Common Stock New,Consumer Discretionary,True,6225.0
FUNC,First United Corporation Common Stock,Finance,True,6225.0
FUND,Sprott Focus Trust Inc. Common Stock,Finance,True,6225.0
FUSB,First US Bancshares Inc. Common Stock,Finance,True,6225.0
FWRD,Forward Air Corporation Common Stock,Consumer Discretionary,True,6225.0
FXNC,First National Corporation Common Stock,Finance,True,6225.0
GAB,Gabelli Equity Trust Inc. (The) Common Stock,Finance,True,6225.0
GABC,German American Bancorp Inc. Common Stock,Finance,True,6225.0
GAIA,Gaia Inc. Class A Common Stock,Consumer Discretionary,True,6225.0
GAM,General American Investors Inc. Common Stock,Finance,True,6225.0
GAP,Gap Inc. (The) Common Stock,Consumer Discretionary,True,6225.0
GATX,GATX Corporation Common Stock,Consumer Discretionary,True,6225.0
GBCI,Glacier Bancorp Inc. Common Stock,Finance,True,6225.0
GBR,New Concept Energy Inc Common Stock,Energy,True,6225.0
GBX,Greenbrier Companies Inc. (The) Common Stock,Industrials,True,6225.0
GCBC,Greene County Bancorp Inc. Common Stock,Finance,True,6225.0
GCO,Genesco Inc. Common Stock,Consumer Discretionary,True,6225.0
GCV,Gabelli Convertible and Income Securities Fund Inc. (The) Common Stock,Finance,True,6225.0
GD,General Dynamics Corporation Common Stock,Industrials,True,6225.0
GDEN,Golden Entertainment Inc. Common Stock,Consumer Discretionary,True,6225.0
GE,GE Aerospace Common Stock,Technology,True,6225.0
GEG,Great Elm Group Inc. Common Stock,Technology,True,6225.0
GEL,Genesis Energy L.P. Common Units,Energy,True,6225.0
GEN,Gen Digital Inc. Common Stock,Technology,True,6225.0
GEO,Geo Group Inc (The) REIT,Consumer Discretionary,True,6225.0
GEOS,Geospace Technologies Corporation Common Stock (Texas),Industrials,True,6225.0
GERN,Geron Corporation Common Stock,Health Care,True,6225.0
GES,Guess? Inc. Common Stock,Consumer Discretionary,True,6225.0
GF,New Germany Fund Inc. (The) Common Stock,Finance,True,6225.0
GFF,Griffon Corporation Common Stock,Industrials,True,6225.0
GFI,Gold Fields Limited American Depositary Shares,Basic Materials,True,6225.0
GGB,Gerdau S.A. Common Stock,Industrials,True,6225.0
GGG,Graco Inc. Common Stock,Industrials,True,6225.0
GGT,Gabelli Multi-Media Trust Inc. (The) Common Stock,Finance,True,6225.0
GHC,Graham Holdings Company Common Stock,Real Estate,True,6225.0
GHI,Greystone Housing Impact Investors LP Beneficial Unit Certificates representing assignments of limited partnership interests,Finance,True,6225.0
GHM,Graham Corporation Common Stock,Industrials,True,6225.0
GIB,CGI Inc. Common Stock,Consumer Discretionary,True,6225.0
GIC,Global Industrial Company Common Stock,Industrials,True,6225.0
GIFI,Gulf Island Fabrication Inc. Common Stock,Industrials,True,6225.0
GIII,G-III Apparel Group LTD. Common Stock,Consumer Discretionary,True,6225.0
GIL,Gildan Activewear Inc. Class A Sub. Vot. Common Stock,Consumer Discretionary,True,6225.0
GILD,Gilead Sciences Inc. Common Stock,Health Care,True,6225.0
GILT,Gilat Satellite Networks Ltd. Ordinary Shares,Technology,True,6225.0
GIS,General Mills Inc. Common Stock,Consumer Staples,True,6225.0
GL,Globe Life Inc. Common Stock,Finance,True,6225.0
GLBZ,Glen Burnie Bancorp Common Stock,Finance,True,6225.0
GLT,Glatfelter Corporation Common Stock,Basic Materials,True,6225.0
GLW,Corning Incorporated Common Stock,Industrials,True,6225.0
GNSS,Genasys Inc. Common Stock,Consumer Staples,True,6225.0
GNTX,Gentex Corporation Common Stock,Consumer Discretionary,True,6225.0
GOGL,Golden Ocean Group Limited Common Stock,Consumer Discretionary,True,6225.0
GOLD,Barrick Gold Corporation Common Stock (BC),Basic Materials,True,6225.0
GPC,Genuine Parts Company Common Stock,Consumer Discretionary,True,6225.0
GPI,Group 1 Automotive Inc. Common Stock,Consumer Discretionary,True,6225.0
GPK,Graphic Packaging Holding Company,Consumer Discretionary,True,6225.0
GPUS,Hyperscale Data Inc. Common Stock,Technology,True,6225.0
GRC,Gorman-Rupp Company (The) Common Stock,Industrials,True,6225.0
GROW,U.S. Global Investors Inc. Class A Common Stock,Finance,True,6225.0
GS,Goldman Sachs Group Inc. (The) Common Stock,Finance,True,6225.0
GSBC,Great Southern Bancorp Inc. Common Stock,Finance,True,6225.0
GSK,GSK plc American Depositary Shares (Each representing two Ordinary Shares),Health Care,True,6225.0
GT,The Goodyear Tire & Rubber Company Common Stock,Consumer Discretionary,True,6225.0
GTIM,Good Times Restaurants Inc. Common Stock,Consumer Discretionary,True,6225.0
GTY,Getty Realty Corporation Common Stock,Finance,True,6225.0
GUT,Gabelli Utility Trust (The) Common Stock,Finance,True,6225.0
GVA,Granite Construction Incorporated Common Stock,Industrials,True,6225.0
GVP,GSE Systems Inc. Common Stock,Technology,True,6225.0
GWW,W.W. Grainger Inc. Common Stock,Industrials,True,6225.0
GYRO,Gyrodyne LLC Common Stock,Real Estate,True,6225.0
HAE,Haemonetics Corporation Common Stock,Health Care,True,6225.0
HAFC,Hanmi Financial Corporation Common Stock,Finance,True,6225.0
HAIN,Hain Celestial Group Inc. (The) Common Stock,Consumer Staples,True,6225.0
HAL,Halliburton Company Common Stock,Energy,True,6225.0
HAS,Hasbro Inc. Common Stock,Consumer Discretionary,True,6225.0
HBAN,Huntington Bancshares Incorporated Common Stock,Finance,True,6225.0
HCKT,Hackett Group Inc (The). Common Stock,Consumer Discretionary,True,6225.0
HCSG,Healthcare Services Group Inc. Common Stock,Health Care,True,6225.0
HD,Home Depot Inc. (The) Common Stock,Consumer Discretionary,True,6225.0
HDSN,Hudson Technologies Inc. Common Stock,Consumer Discretionary,True,6225.0
HE,Hawaiian Electric Industries Inc. Common Stock,Utilities,True,6225.0
HEI,Heico Corporation Common Stock,Industrials,True,6225.0
HELE,Helen of Troy Limited Common Stock,Consumer Discretionary,True,6225.0
HES,Hess Corporation Common Stock,Energy,True,6225.0
HFWA,Heritage Financial Corporation Common Stock,Finance,True,6225.0
HGBL,Heritage Global Inc. Common Stock,Consumer Discretionary,True,6225.0
HHS,Harte Hanks Inc. Common Stock,Consumer Discretionary,True,6225.0
HIFS,Hingham Institution for Savings Common Stock,Finance,True,6225.0
HIG,Hartford Financial Services Group Inc. (The) Common Stock,Finance,True,6225.0
HIHO,Highway Holdings Limited Common Stock,Industrials,True,6225.0
HIO,Western Asset High Income Opportunity Fund Inc. Common Stock,Finance,True,6225.0
HIW,Highwoods Properties Inc. Common Stock,Real Estate,True,6225.0
HIX,Western Asset High Income Fund II Inc. Common Stock,Finance,True,6225.0
HL,Hecla Mining Company Common Stock,Industrials,True,6225.0
HLIO,Helios Technologies Inc. Common Stock,Industrials,True,6225.0
HLIT,Harmonic Inc. Common Stock,Technology,True,6225.0
HLX,Helix Energy Solutions Group Inc. Common Stock,Energy,True,6225.0
HMC,Honda Motor Company Ltd. Common Stock,Consumer Discretionary,True,6225.0
HMN,Horace Mann Educators Corporation Common Stock,Finance,True,6225.0
HMNF,HMN Financial Inc. Common Stock,Finance,True,6225.0
HMY,Harmony Gold Mining Company Limited,Basic Materials,True,6225.0
HNI,HNI Corporation Common Stock,Consumer Discretionary,True,6225.0
HNRG,Hallador Energy Company Common Stock,Energy,True,6225.0
HOG,Harley-Davidson Inc. Common Stock,Consumer Discretionary,True,6225.0
HOLX,Hologic Inc. Common Stock,Health Care,True,6225.0
HON,Honeywell International Inc. Common Stock,Industrials,True,6225.0
HOPE,Hope Bancorp Inc. Common Stock,Finance,True,6225.0
HOV,Hovnanian Enterprises Inc. Class A Common Stock,Consumer Discretionary,True,6225.0
HP,Helmerich & Payne Inc. Common Stock,Energy,True,6225.0
HPQ,HP Inc. Common Stock,Technology,True,6225.0
HQH,abrdn Healthcare Investors Shares of Beneficial Interest,Finance,True,6225.0
HQL,abrdn Life Sciences Investors Shares of Beneficial Interest,Finance,True,6225.0
HR,Healthcare Realty Trust Incorporated Common Stock,Real Estate,True,6225.0
HRB,H&R Block Inc. Common Stock,Consumer Discretionary,True,6225.0
HRL,Hormel Foods Corporation Common Stock,Consumer Staples,True,6225.0
HRTX,Heron Therapeutics Inc. Common Stock,Health Care,True,6225.0
HSBC,HSBC Holdings plc. Common Stock,Finance,True,6225.0
HSIC,Henry Schein Inc. Common Stock,Health Care,True,6225.0
HSII,Heidrick & Struggles International Inc. Common Stock,Consumer Discretionary,True,6225.0
HST,Host Hotels & Resorts Inc. Common Stock,Real Estate,True,6225.0
HSY,The Hershey Company Common Stock,Consumer Staples,True,6225.0
HTBK,Heritage Commerce Corp Common Stock,Finance,True,6225.0
HTLD,Heartland Express Inc. Common Stock,Industrials,True,6225.0
HTLF,Heartland Financial USA Inc. Common Stock,Finance,True,6225.0
HUBB,Hubbell Inc Common Stock,Technology,True,6225.0
HUBG,Hub Group Inc. Class A Common Stock,Consumer Discretionary,True,6225.0
HUM,Humana Inc. Common Stock,Health Care,True,6225.0
HURC,Hurco Companies Inc. Common Stock,Industrials,True,6225.0
HVT,Haverty Furniture Companies Inc. Common Stock,Consumer Discretionary,True,6225.0
HWBK,Hawthorn Bancshares Inc. Common Stock,Finance,True,6225.0
HWC,Hancock Whitney Corporation Common Stock,Finance,True,6225.0
HWKN,Hawkins Inc. Common Stock,Consumer Discretionary,True,6225.0
HXL,Hexcel Corporation Common Stock,Industrials,True,6225.0
HYB,New America High Income Fund Inc. (The) Common Stock,Finance,True,6225.0
HZO,MarineMax Inc.  (FL) Common Stock,Consumer Discretionary,True,6225.0
IAC,IAC Inc. Common Stock,Technology,True,6225.0
IAF,abrdn Australia Equity Fund Inc. Common Stock,Finance,True,6225.0
IART,Integra LifeSciences Holdings Corporation Common Stock,Health Care,True,6225.0
IBCP,Independent Bank Corporation Common Stock,Finance,True,6225.0
IBM,International Business Machines Corporation Common Stock,Technology,True,6225.0
IBOC,International Bancshares Corporation Common Stock,Finance,True,6225.0
ICAD,iCAD Inc. Common Stock,Health Care,True,6225.0
ICCC,ImmuCell Corporation Common Stock,Health Care,True,6225.0
ICLR,ICON plc Ordinary Shares,Health Care,True,6225.0
ICUI,ICU Medical Inc. Common Stock,Health Care,True,6225.0
IDA,IDACORP Inc. Common Stock,Utilities,True,6225.0
IDN,Intellicheck Inc. Common Stock,Technology,True,6225.0
IDR,Idaho Strategic Resources Inc. Common Stock,Basic Materials,True,6225.0
IDXX,IDEXX Laboratories Inc. Common Stock,Health Care,True,6225.0
IEP,Icahn Enterprises L.P. Common Stock,Consumer Discretionary,True,6225.0
IESC,IES Holdings Inc. Common Stock,Industrials,True,6225.0
IEX,IDEX Corporation Common Stock,Industrials,True,6225.0
IFF,International Flavors & Fragrances Inc. Common Stock,Industrials,True,6225.0
IFN,India Fund Inc. (The) Common Stock,Finance,True,6225.0
IGT,International Game Technology Ordinary Shares,Consumer Discretionary,True,6225.0
IHT,InnSuites Hospitality Trust Shares of Beneficial Interest,Finance,True,6225.0
IIF,Morgan Stanley India Investment Fund Inc. Common Stock,Finance,True,6225.0
IIIN,Insteel Industries Inc. Common Stock,Industrials,True,6225.0
IIM,Invesco Value Municipal Income Trust Common Stock,Finance,True,6225.0
IMAX,Imax Corporation Common Stock,Consumer Discretionary,True,6225.0
IMKTA,Ingles Markets Incorporated Class A Common Stock,Consumer Staples,True,6225.0
IMMR,Immersion Corporation Common Stock,Technology,True,6225.0
IMNN,Imunon Inc. Common Stock,Health Care,True,6225.0
IMO,Imperial Oil Limited Common Stock,Energy,True,6225.0
INCY,Incyte Corp. Common Stock,Health Care,True,6225.0
INDB,Independent Bank Corp. Common Stock,Finance,True,6225.0
INFY,Infosys Limited American Depositary Shares,Technology,True,6225.0
ING,ING Group N.V. Common Stock,Finance,True,6225.0
INGR,Ingredion Incorporated Common Stock,Consumer Staples,True,6225.0
INO,Inovio Pharmaceuticals Inc. Common Stock,Health Care,True,6225.0
INOD,Innodata Inc. Common Stock,Technology,True,6225.0
INSI,Insight Select Income Fund,Finance,True,6225.0
INTC,Intel Corporation Common Stock,Technology,True,6225.0
INTG,Intergroup Corporation (The) Common Stock,Real Estate,True,6225.0
INTT,inTest Corporation Common Stock,Industrials,True,6225.0
INTU,Intuit Inc. Common Stock,Technology,True,6225.0
INTZ,Intrusion Inc. Common Stock,Telecommunications,True,6225.0
INUV,Inuvo Inc.,Consumer Discretionary,True,6225.0
INVE,Identiv Inc. Common Stock,Technology,True,6225.0
INVX,Innovex International Inc. Common Stock,Industrials,True,6225.0
IONS,Ionis Pharmaceuticals Inc. Common Stock,Health Care,True,6225.0
IOR,Income Opportunity Realty Investors Inc. Common Stock,Real Estate,True,6225.0
IOSP,Innospec Inc. Common Stock,Industrials,True,6225.0
IP,International Paper Company Common Stock,Basic Materials,True,6225.0
IPAR,Inter Parfums Inc. Common Stock,Consumer Discretionary,True,6225.0
IPG,Interpublic Group of Companies Inc. (The) Common Stock,Consumer Discretionary,True,6225.0
IQI,Invesco Quality Municipal Income Trust Common Stock,Finance,True,6225.0
IRIX,IRIDEX Corporation Common Stock,Health Care,True,6225.0
IRM,Iron Mountain Incorporated (Delaware)Common Stock REIT,Real Estate,True,6225.0
IRS,IRSA Inversiones Y Representaciones S.A. Global Depositary Shares (Each representing ten shares of Common Stock),Real Estate,True,6225.0
IT,Gartner Inc. Common Stock,Consumer Discretionary,True,6225.0
ITI,Iteris Inc. Common Stock,Telecommunications,True,6225.0
ITIC,Investors Title Company Common Stock,Finance,True,6225.0
ITRI,Itron Inc. Common Stock,Industrials,True,6225.0
ITT,ITT Inc. Common Stock ,Industrials,True,6225.0
ITW,Illinois Tool Works Inc. Common Stock,Industrials,True,6225.0
IVAC,Intevac Inc. Common Stock,Technology,True,6225.0
IVZ,Invesco Ltd Common Stock,Finance,True,6225.0
IX,Orix Corp Ads Common Stock,Finance,True,6225.0
J,Jacobs Solutions Inc. Common Stock,Industrials,True,6225.0
JACK,Jack In The Box Inc. Common Stock,Consumer Discretionary,True,6225.0
JAKK,JAKKS Pacific Inc. Common Stock,Consumer Discretionary,True,6225.0
JBHT,J.B. Hunt Transport Services Inc. Common Stock,Industrials,True,6225.0
JBL,Jabil Inc. Common Stock,Technology,True,6225.0
JBSS,John B. Sanfilippo & Son Inc. Common Stock,Consumer Staples,True,6225.0
JCI,Johnson Controls International plc Ordinary Share,Industrials,True,6225.0
JCTCF,Jewett-Cameron Trading Company Common Shares,Consumer Discretionary,True,6225.0
JEF,Jefferies Financial Group Inc. Common Stock,Finance,True,6225.0
JEQ,abrdn Japan Equity Fund Inc. Common Stock,Consumer Discretionary,True,6225.0
JHI,John Hancock Investors Trust Common Stock,Finance,True,6225.0
JHS,John Hancock Income Securities Trust Common Stock,Finance,True,6225.0
JJSF,J & J Snack Foods Corp. Common Stock,Consumer Staples,True,6225.0
JKHY,Jack Henry & Associates Inc. Common Stock,Technology,True,6225.0
JLL,Jones Lang LaSalle Incorporated Common Stock,Finance,True,6225.0
JMM,Nuveen Multi-Market Income Fund (MA),Finance,True,6225.0
JNJ,Johnson & Johnson Common Stock,Health Care,True,6225.0
JNPR,Juniper Networks Inc. Common Stock,Telecommunications,True,6225.0
JOB,GEE Group Inc. Common Stock,Consumer Discretionary,True,6225.0
JOE,St. Joe Company (The) Common Stock,Real Estate,True,6225.0
JOF,Japan Smaller Capitalization Fund Inc Common Stock,Finance,True,6225.0
JOUT,Johnson Outdoors Inc. Class A Common Stock,Consumer Discretionary,True,6225.0
JPM,JP Morgan Chase & Co. Common Stock,Finance,True,6225.0
JWN,Nordstrom Inc. Common Stock,Consumer Discretionary,True,6225.0
K,Kellanova Common Stock,Consumer Staples,True,6225.0
KAI,Kadant Inc Common Stock,Industrials,True,6225.0
KBH,KB Home Common Stock,Consumer Discretionary,True,6225.0
KELYA,Kelly Services Inc. Class A Common Stock,Consumer Discretionary,True,6225.0
KELYB,Kelly Services Inc. Class B Common Stock,Consumer Discretionary,True,6225.0
KEP,Korea Electric Power Corporation Common Stock,Utilities,True,6225.0
KEQU,Kewaunee Scientific Corporation Common Stock,Industrials,True,6225.0
KEX,Kirby Corporation Common Stock,Consumer Discretionary,True,6225.0
KEY,KeyCorp Common Stock,Finance,True,6225.0
KF,Korea Fund Inc. (The) New Common Stock,Finance,True,6225.0
KFRC,Kforce Inc. Common Stock,Consumer Discretionary,True,6225.0
KFY,Korn Ferry Common Stock,Consumer Discretionary,True,6225.0
KGC,Kinross Gold Corporation Common Stock,Basic Materials,True,6225.0
KIM,Kimco Realty Corporation (HC) Common Stock,Real Estate,True,6225.0
KINS,Kingstone Companies Inc. Common Stock,Finance,True,6225.0
KLAC,KLA Corporation Common Stock,Technology,True,6225.0
KLIC,Kulicke and Soffa Industries Inc. Common Stock,Technology,True,6225.0
KMB,Kimberly-Clark Corporation Common Stock,Consumer Discretionary,True,6225.0
KMPR,Kemper Corporation,Finance,True,6225.0
KMT,Kennametal Inc. Common Stock,Industrials,True,6225.0
KMX,CarMax Inc,Consumer Discretionary,True,6225.0
KNX,Knight-Swift Transportation Holdings Inc.,Industrials,True,6225.0
KO,Coca-Cola Company (The) Common Stock,Consumer Staples,True,6225.0
KOF,Coca Cola Femsa S.A.B. de C.V.  American Depositary Shares each representing 10 Units (each Unit consists of 3 Series B Shares and 5 Series L Shares),Consumer Staples,True,6225.0
KOPN,Kopin Corporation Common Stock,Technology,True,6225.0
KOSS,Koss Corporation Common Stock,Consumer Staples,True,6225.0
KR,Kroger Company (The) Common Stock,Consumer Staples,True,6225.0
KRC,Kilroy Realty Corporation Common Stock,Real Estate,True,6225.0
KRMD,KORU Medical Systems Inc. Common Stock (DE),Health Care,True,6225.0
KSM,DWS Strategic Municipal Income Trust,Finance,True,6225.0
KSS,Kohl's Corporation Common Stock,Consumer Discretionary,True,6225.0
KT,KT Corporation Common Stock,Telecommunications,True,6225.0
KTCC,Key Tronic Corporation Common Stock,Technology,True,6225.0
KTF,DWS Municipal Income Trust,Finance,True,6225.0
KTOS,Kratos Defense & Security Solutions Inc. Common Stock,Industrials,True,6225.0
KVHI,KVH Industries Inc. Common Stock,Technology,True,6225.0
KWR,Quaker Houghton Common Stock,Industrials,True,6225.0
KZIA,Kazia Therapeutics Limited American Depositary Shares,Health Care,True,6225.0
L,Loews Corporation Common Stock,Finance,True,6225.0
LAD,Lithia Motors Inc. Common Stock,Consumer Discretionary,True,6225.0
LAKE,Lakeland Industries Inc. Common Stock,Health Care,True,6225.0
LAMR,Lamar Advertising Company Class A Common Stock,Real Estate,True,6225.0
LANC,Lancaster Colony Corporation Common Stock,Consumer Staples,True,6225.0
LARK,Landmark Bancorp Inc. Common Stock,Finance,True,6225.0
LCII,LCI Industries,Consumer Discretionary,True,6225.0
LCNB,LCNB Corporation Common Stock,Finance,True,6225.0
LCTX,Lineage Cell Therapeutics Inc. Common Stock,Health Care,True,6225.0
LCUT,Lifetime Brands Inc. Common Stock,Consumer Discretionary,True,6225.0
LECO,Lincoln Electric Holdings Inc. Common Shares,Industrials,True,6225.0
LEE,Lee Enterprises Incorporated Common Stock,Consumer Discretionary,True,6225.0
LEG,Leggett & Platt Incorporated Common Stock,Consumer Discretionary,True,6225.0
LEN,Lennar Corporation Class A Common Stock,Consumer Discretionary,True,6225.0
LEO,BNY Mellon Strategic Municipals Inc. Common Stock,Finance,True,6225.0
LEU,Centrus Energy Corp. Class A Common Stock,Industrials,True,6225.0
LFCR,Lifecore Biomedical Inc. Common Stock,Health Care,True,6225.0
LFUS,Littelfuse Inc. Common Stock,Energy,True,6225.0
LFVN,Lifevantage Corporation Common Stock (Delaware),Health Care,True,6225.0
LGL,LGL Group Inc. (The) Common Stock,Technology,True,6225.0
LGND,Ligand Pharmaceuticals Incorporated Common Stock,Health Care,True,6225.0
LH,Labcorp Holdings Inc. Common Stock,Health Care,True,6225.0
LHX,L3Harris Technologies Inc. Common Stock,Industrials,True,6225.0
LII,Lennox International Inc. Common Stock,Industrials,True,6225.0
LIN,Linde plc Ordinary Shares,Industrials,True,6225.0
LKFN,Lakeland Financial Corporation Common Stock,Finance,True,6225.0
LLY,Eli Lilly and Company Common Stock,Health Care,True,6225.0
LMT,Lockheed Martin Corporation Common Stock,Industrials,True,6225.0
LNC,Lincoln National Corporation Common Stock,Finance,True,6225.0
LNG,Cheniere Energy Inc. Common Stock,Utilities,True,6225.0
LNN,Lindsay Corporation Common Stock,Industrials,True,6225.0
LNT,Alliant Energy Corporation Common Stock,Utilities,True,6225.0
LNW,Light & Wonder Inc. Common Stock,Technology,True,6225.0
LOAN,Manhattan Bridge Capital Inc,Real Estate,True,6225.0
LOGI,Logitech International S.A. Ordinary Shares,Technology,True,6225.0
LOW,Lowe's Companies Inc. Common Stock,Consumer Discretionary,True,6225.0
LPTH,LightPath Technologies Inc. Class A Common Stock,Technology,True,6225.0
LPX,Louisiana-Pacific Corporation Common Stock,Basic Materials,True,6225.0
LRCX,Lam Research Corporation Common Stock,Technology,True,6225.0
LSAK,Lesaka Technologies Inc. Common Stock,Finance,True,6225.0
LSCC,Lattice Semiconductor Corporation Common Stock,Technology,True,6225.0
LSTA,Lisata Therapeutics Inc. Common Stock,Health Care,True,6225.0
LSTR,Landstar System Inc. Common Stock,Industrials,True,6225.0
LTC,LTC Properties Inc. Common Stock,Real Estate,True,6225.0
LUMN,Lumen Technologies Inc. Common Stock,Telecommunications,True,6225.0
LUV,Southwest Airlines Company Common Stock,Consumer Discretionary,True,6225.0
LWAY,Lifeway Foods Inc. Common Stock,Consumer Staples,True,6225.0
LXP,LXP Industrial Trust Common Stock (Maryland REIT),Real Estate,True,6225.0
LXU,LSB Industries Inc. Common Stock,Industrials,True,6225.0
LYTS,LSI Industries Inc. Common Stock,Consumer Discretionary,True,6225.0
LZB,La-Z-Boy Incorporated Common Stock,Consumer Discretionary,True,6225.0
M,Macy's Inc Common Stock,Consumer Discretionary,True,6225.0
MAA,Mid-America Apartment Communities Inc. Common Stock,Real Estate,True,6225.0
MAC,Macerich Company (The) Common Stock,Real Estate,True,6225.0
MAN,ManpowerGroup Common Stock,Consumer Discretionary,True,6225.0
MANH,Manhattan Associates Inc. Common Stock,Technology,True,6225.0
MAR,Marriott International Class A Common Stock,Consumer Discretionary,True,6225.0
MARPS,Marine Petroleum Trust Units of Beneficial Interest,Energy,True,6225.0
MAS,Masco Corporation Common Stock,Industrials,True,6225.0
MAT,Mattel Inc. Common Stock,Consumer Discretionary,True,6225.0
MATV,Mativ Holdings Inc. Common Stock,Basic Materials,True,6225.0
MATW,Matthews International Corporation Class A Common Stock,Telecommunications,True,6225.0
MATX,Matson Inc. Common Stock,Consumer Discretionary,True,6225.0
MBI,MBIA Inc. Common Stock,Finance,True,6225.0
MBOT,Microbot Medical Inc. Common Stock,Health Care,True,6225.0
MBWM,Mercantile Bank Corporation Common Stock,Finance,True,6225.0
MCD,McDonald's Corporation Common Stock,Consumer Discretionary,True,6225.0
MCHP,Microchip Technology Incorporated Common Stock,Technology,True,6225.0
MCI,Barings Corporate Investors Common Stock,Finance,True,6225.0
MCK,McKesson Corporation Common Stock,Health Care,True,6225.0
MCO,Moody's Corporation Common Stock,Finance,True,6225.0
MCR,MFS Charter Income Trust Common Stock,Finance,True,6225.0
MCRI,Monarch Casino & Resort Inc. Common Stock,Consumer Discretionary,True,6225.0
MCS,Marcus Corporation (The) Common Stock,Consumer Discretionary,True,6225.0
MCY,Mercury General Corporation Common Stock,Finance,True,6225.0
MD,Pediatrix Medical Group Inc. Common Stock,Health Care,True,6225.0
MDT,Medtronic plc. Ordinary Shares,Health Care,True,6225.0
MDU,MDU Resources Group Inc. Common Stock (Holding Company),Industrials,True,6225.0
MED,MEDIFAST INC Common Stock,Consumer Staples,True,6225.0
MEI,Methode Electronics Inc. Common Stock,Technology,True,6225.0
MEOH,Methanex Corporation Common Stock,Industrials,True,6225.0
MERC,Mercer International Inc. Common Stock,Basic Materials,True,6225.0
MFA,MFA Financial Inc.,Real Estate,True,6225.0
MFC,Manulife Financial Corporation Common Stock,Finance,True,6225.0
MFIN,Medallion Financial Corp. Common Stock,Finance,True,6225.0
MFM,MFS Municipal Income Trust Common Stock,Finance,True,6225.0
MGA,Magna International Inc. Common Stock,Consumer Discretionary,True,6225.0
MGEE,MGE Energy Inc,Energy,True,6225.0
MGF,MFS Government Markets Income Trust Common Stock,Finance,True,6225.0
MGIC,Magic Software Enterprises Ltd. Ordinary Shares,Technology,True,6225.0
MGM,MGM Resorts International Common Stock,Consumer Discretionary,True,6225.0
MGPI,MGP Ingredients Inc.,Consumer Staples,True,6225.0
MGRC,McGrath RentCorp Common Stock,Consumer Discretionary,True,6225.0
MHD,Blackrock MuniHoldings Fund Inc. Common Stock,Finance,True,6225.0
MHF,Western Asset Municipal High Income Fund Inc. Common Stock,Finance,True,6225.0
MHK,Mohawk Industries Inc. Common Stock,Consumer Discretionary,True,6225.0
MHN,Blackrock MuniHoldings New York Quality Fund Inc. Common Stock,Finance,True,6225.0
MHO,M/I Homes Inc. Common Stock,Consumer Discretionary,True,6225.0
MIDD,Middleby Corporation (The) Common Stock,Industrials,True,6225.0
MIN,MFS Intermediate Income Trust Common Stock,Finance,True,6225.0
MIND,MIND Technology Inc. Common Stock (DE),Industrials,True,6225.0
MITK,Mitek Systems Inc. Common Stock,Technology,True,6225.0
MIY,Blackrock MuniYield Michigan Quality Fund Inc. Common Stock,Finance,True,6225.0
MKC,McCormick & Company Incorporated Common Stock,Consumer Staples,True,6225.0
MKL,Markel Group Inc. Common Stock,Finance,True,6225.0
MKSI,MKS Instruments Inc. Common Stock,Industrials,True,6225.0
MLAB,Mesa Laboratories Inc. Common Stock,Industrials,True,6225.0
MLI,Mueller Industries Inc. Common Stock,Industrials,True,6225.0
MLKN,MillerKnoll Inc. Common Stock,Consumer Discretionary,True,6225.0
MLM,Martin Marietta Materials Inc. Common Stock,Industrials,True,6225.0
MLP,Maui Land & Pineapple Company Inc. Common Stock,Finance,True,6225.0
MLR,Miller Industries Inc. Common Stock,Consumer Discretionary,True,6225.0
MLSS,Milestone Scientific Inc. Common Stock,Health Care,True,6225.0
MMC,Marsh & McLennan Companies Inc. Common Stock,Finance,True,6225.0
MMM,3M Company Common Stock,Health Care,True,6225.0
MMS,Maximus Inc. Common Stock,Consumer Discretionary,True,6225.0
MMSI,Merit Medical Systems Inc. Common Stock,Health Care,True,6225.0
MMT,MFS Multimarket Income Trust Common Stock,Finance,True,6225.0
MMU,Western Asset Managed Municipals Fund Inc. Common Stock,Finance,True,6225.0
MNRO,Monro Inc. Common Stock,Consumer Discretionary,True,6225.0
MNST,Monster Beverage Corporation,Consumer Staples,True,6225.0
MO,Altria Group Inc.,Health Care,True,6225.0
MOD,Modine Manufacturing Company Common Stock,Consumer Discretionary,True,6225.0
MODG,Topgolf Callaway Brands Corp. Common Stock,Consumer Discretionary,True,6225.0
MOS,Mosaic Company (The) Common Stock,Industrials,True,6225.0
MOV,Movado Group Inc. Common Stock,Consumer Discretionary,True,6225.0
MPA,Blackrock MuniYield Pennsylvania Quality Fund Common Stock,Finance,True,6225.0
MPAA,Motorcar Parts  of America Inc. Common Stock,Consumer Discretionary,True,6225.0
MPB,Mid Penn Bancorp Common Stock,Finance,True,6225.0
MPU,Mega Matrix Corp. Common Stock,Consumer Discretionary,True,6225.0
MPV,Barings Participation Investors Common Stock,Finance,True,6225.0
MQT,Blackrock MuniYield Quality Fund II Inc. Common Stock,Finance,True,6225.0
MQY,Blackrock MuniYield Quality Fund Inc. Common Stock,Finance,True,6225.0
MRCY,Mercury Systems Inc Common Stock,Technology,True,6225.0
MRK,Merck & Company Inc. Common Stock (new),Health Care,True,6225.0
MRO,Marathon Oil Corporation Common Stock,Energy,True,6225.0
MRTN,Marten Transport Ltd. Common Stock,Industrials,True,6225.0
MS,Morgan Stanley Common Stock,Finance,True,6225.0
MSA,MSA Safety Incorporated Common Stock,Health Care,True,6225.0
MSB,Mesabi Trust Common Stock,Industrials,True,6225.0
MSD,Morgan Stanley Emerging Markets Debt Fund Inc. Common Stock,Finance,True,6225.0
MSEX,Middlesex Water Company Common Stock,Utilities,True,6225.0
MSFT,Microsoft Corporation Common Stock,Technology,True,6225.0
MSI,Motorola Solutions Inc. Common Stock,Technology,True,6225.0
MSM,MSC Industrial Direct Company Inc. Common Stock,Industrials,True,6225.0
MSN,Emerson Radio Corporation Common Stock,Consumer Staples,True,6225.0
MSTR,MicroStrategy Incorporated Common Stock Class A,Technology,True,6225.0
MT,Arcelor Mittal NY Registry Shares NEW,Industrials,True,6225.0
MTB,M&T Bank Corporation Common Stock,Finance,True,6225.0
MTCH,Match Group Inc. Common Stock,Technology,True,6225.0
MTD,Mettler-Toledo International Inc. Common Stock,Industrials,True,6225.0
MTEX,Mannatech Incorporated Common Stock,Health Care,True,6225.0
MTG,MGIC Investment Corporation Common Stock,Finance,True,6225.0
MTH,Meritage Homes Corporation Common Stock,Consumer Discretionary,True,6225.0
MTN,Vail Resorts Inc. Common Stock,Consumer Discretionary,True,6225.0
MTR,Mesa Royalty Trust Common Stock,Energy,True,6225.0
MTRN,Materion Corporation,Industrials,True,6225.0
MTRX,Matrix Service Company Common Stock,Consumer Discretionary,True,6225.0
MTW,Manitowoc Company Inc. (The) Common Stock,Industrials,True,6225.0
MTX,Minerals Technologies Inc. Common Stock,Industrials,True,6225.0
MTZ,MasTec Inc. Common Stock,Industrials,True,6225.0
MU,Micron Technology Inc. Common Stock,Technology,True,6225.0
MUA,Blackrock MuniAssets Fund Inc Common Stock,Finance,True,6225.0
MUC,Blackrock MuniHoldings California Quality Fund Inc.  Common Stock,Finance,True,6225.0
MUE,Blackrock MuniHoldings Quality Fund II Inc. Common Stock,Finance,True,6225.0
MUJ,Blackrock MuniHoldings New Jersey Quality Fund Inc. Common Stock,Finance,True,6225.0
MUR,Murphy Oil Corporation Common Stock,Energy,True,6225.0
MUX,McEwen Mining Inc. Common Stock,Basic Materials,True,6225.0
MVF,Blackrock MuniVest Fund Inc. Common Stock,Finance,True,6225.0
MVIS,MicroVision Inc. Common Stock,Technology,True,6225.0
MVT,Blackrock MuniVest Fund II Inc.  Common Stock,Finance,True,6225.0
MXC,Mexco Energy Corporation Common Stock,Energy,True,6225.0
MXE,Mexico Equity and Income Fund Inc. (The) Common Stock,Finance,True,6225.0
MXF,Mexico Fund Inc. (The) Common Stock,Finance,True,6225.0
MYD,Blackrock MuniYield Fund Inc.  Common Stock,Finance,True,6225.0
MYE,Myers Industries Inc. Common Stock,Industrials,True,6225.0
MYGN,Myriad Genetics Inc. Common Stock,Health Care,True,6225.0
MYI,Blackrock MuniYield Quality Fund III Inc Common Stock,Finance,True,6225.0
MYN,Blackrock MuniYield New York Quality Fund Inc.Common Stock,Finance,True,6225.0
